<?xml version="1.0" encoding="UTF-8" standalone="yes"?><direct-signature-job-manifest xmlns="http://signering.posten.no/schema/v1" xmlns:ns2="http://uri.etsi.org/01903/v1.3.2#" xmlns:ns3="http://www.w3.org/2000/09/xmldsig#" xmlns:ns4="http://uri.etsi.org/2918/v1.2.1#"><signer><personal-identification-number>12345678910</personal-identification-number></signer><sender><organization-number>123456789</organization-number></sender><document href="Dokument til signering.pdf" mime="application/pdf"><title>Subject</title></document></direct-signature-job-manifest>